{
  "created": 1326853478,
  "livemode": false,
  "id": "invoice.payment_00000000000000",
  "type": "invoice.payment_succeeded",
  "object": "event",
  "request": null,
  "pending_webhooks": 1,
  "api_version": "2019-03-14",
  "data": {
    "object": {
      "id": "in_00000000000000",
      "object": "invoice",
      "amount_due": 900,
      "amount_paid": 900,
      "amount_remaining": 0,
      "application_fee_amount": null,
      "attempt_count": 1,
      "attempted": true,
      "auto_advance": false,
      "billing": "charge_automatically",
      "billing_reason": "subscription_create",
      "charge": "_00000000000000",
      "created": 1554297280,
      "currency": "usd",
      "custom_fields": null,
      "customer": "cus_00000000000000",
      "default_source": null,
      "description": null,
      "discount": null,
      "due_date": null,
      "ending_balance": 0,
      "footer": null,
      "hosted_invoice_url": "https://pay.stripe.com/invoice/invst_3FYYDjqlopUlGYralsyXjEeiDx",
      "invoice_pdf": "https://pay.stripe.com/invoice/invst_3FYYDjqlopUlGYralsyXjEeiDx/pdf",
      "lines": {
        "data": [
          {
            "id": "sli_00000000000000",
            "object": "line_item",
            "amount": 900,
            "currency": "usd",
            "description": "1 × Basic Membership Plan (at $9.00 / month)",
            "discountable": true,
            "livemode": false,
            "metadata": {
            },
            "period": {
              "end": 1559567680,
              "start": 1556889280
            },
            "plan": {
              "id": "5ca4ae9970f9d_00000000000000",
              "object": "plan",
              "active": true,
              "aggregate_usage": null,
              "amount": 900,
              "billing_scheme": "per_unit",
              "created": 1554296473,
              "currency": "usd",
              "interval": "month",
              "interval_count": 1,
              "livemode": false,
              "metadata": {
              },
              "nickname": null,
              "product": "prod_00000000000000",
              "tiers": null,
              "tiers_mode": null,
              "transform_usage": null,
              "trial_period_days": null,
              "usage_type": "licensed"
            },
            "proration": false,
            "quantity": 1,
            "subscription": "sub_00000000000000",
            "subscription_item": "si_00000000000000",
            "type": "subscription"
          }
        ],
        "has_more": false,
        "object": "list",
        "url": "/v1/invoices/in_1EL8vMHm6ibmM4l5lrKZSw9i/lines"
      },
      "livemode": false,
      "metadata": {
      },
      "next_payment_attempt": null,
      "number": "DFB2E62A-0001",
      "paid": true,
      "period_end": 1554297280,
      "period_start": 1554297280,
      "receipt_number": null,
      "starting_balance": 0,
      "statement_descriptor": null,
      "status": "paid",
      "status_transitions": {
        "finalized_at": 1554297280,
        "marked_uncollectible_at": null,
        "paid_at": 1554297281,
        "voided_at": null
      },
      "subscription": "sub_00000000000000",
      "subtotal": 900,
      "tax": null,
      "tax_percent": null,
      "total": 900,
      "webhooks_delivered_at": 1554297282,
      "closed": true
    }
  }
}